sku_id,product_name,category,brand,unit_size
PRD-00001,Lumen Bread,Breads,Lumen,0.33 g
PRD-00002,Solix Mea,Meat,Solix,0.5 ml
PRD-00003,Draco Seafoo,Seafood,Draco,1.25 pcs
PRD-00004,Helios Confectioner,Confectionery,Helios,0.33 ml
PRD-00005,Polar Beverage,Beverages,Polar,4 l
PRD-00006,Quanta Grocer,Grocery,Quanta,1.75 g
PRD-00007,Mira Cleanin,Cleaning,Mira,0.33 kg
PRD-00008,Argo Beaut,Beauty,Argo,0.75 g
PRD-00009,Terra Bab,Baby,Terra,4 g
PRD-00010,Flux Pet,Pets,Flux,1 kg
PRD-00011,Lumen Bread,Breads,Lumen,0.33 ml
PRD-00012,Solix Mea,Meat,Solix,0.5 l
PRD-00013,Draco Seafoo,Seafood,Draco,2 pcs
PRD-00014,Helios Confectioner,Confectionery,Helios,0.33 g
PRD-00015,Polar Beverage,Beverages,Polar,3 pcs
PRD-00016,Quanta Grocer,Grocery,Quanta,0.33 pcs
PRD-00017,Mira Cleanin,Cleaning,Mira,0.75 kg
PRD-00018,Argo Beaut,Beauty,Argo,0.33 g
PRD-00019,Terra Bab,Baby,Terra,2 l
PRD-00020,Flux Pet,Pets,Flux,3 g
PRD-00021,Lumen Bread,Breads,Lumen,3 pcs
PRD-00022,Solix Mea,Meat,Solix,1.25 g
PRD-00023,Draco Seafoo,Seafood,Draco,4 ml
PRD-00024,Helios Confectioner,Confectionery,Helios,1 l
PRD-00025,Polar Beverage,Beverages,Polar,4 l
PRD-00026,Quanta Grocer,Grocery,Quanta,1.75 pcs
PRD-00027,Mira Cleanin,Cleaning,Mira,2 l
PRD-00028,Argo Beaut,Beauty,Argo,2 l
PRD-00029,Terra Bab,Baby,Terra,3 l
PRD-00030,Flux Pet,Pets,Flux,2 g
PRD-00031,Lumen Bread,Breads,Lumen,4 pcs
PRD-00032,Solix Mea,Meat,Solix,0.75 pcs
PRD-00033,Draco Seafoo,Seafood,Draco,3 g
PRD-00034,Helios Confectioner,Confectionery,Helios,0.75 g
PRD-00035,Polar Beverage,Beverages,Polar,1.75 l
PRD-00036,Quanta Grocer,Grocery,Quanta,2 pcs
PRD-00037,Mira Cleanin,Cleaning,Mira,3 ml
PRD-00038,Argo Beaut,Beauty,Argo,1.75 pcs
PRD-00039,Terra Bab,Baby,Terra,1 l
PRD-00040,Flux Pet,Pets,Flux,0.5 g
PRD-00041,Lumen Bread,Breads,Lumen,0.33 g
PRD-00042,Solix Mea,Meat,Solix,1 ml
PRD-00043,Draco Seafoo,Seafood,Draco,4 l
PRD-00044,Helios Confectioner,Confectionery,Helios,0.33 g
PRD-00045,Polar Beverage,Beverages,Polar,3 kg
PRD-00046,Quanta Grocer,Grocery,Quanta,4 ml
PRD-00047,Mira Cleanin,Cleaning,Mira,0.75 kg
PRD-00048,Argo Beaut,Beauty,Argo,4 ml
PRD-00049,Terra Bab,Baby,Terra,2 ml
PRD-00050,Flux Pet,Pets,Flux,0.33 pcs
PRD-00051,Lumen Bread,Breads,Lumen,0.75 ml
PRD-00052,Solix Mea,Meat,Solix,1 pcs
PRD-00053,Draco Seafoo,Seafood,Draco,1.25 g
PRD-00054,Helios Confectioner,Confectionery,Helios,1.25 ml
PRD-00055,Polar Beverage,Beverages,Polar,2 pcs
PRD-00056,Quanta Grocer,Grocery,Quanta,0.5 l
PRD-00057,Mira Cleanin,Cleaning,Mira,0.5 l
PRD-00058,Argo Beaut,Beauty,Argo,1.75 pcs
PRD-00059,Terra Bab,Baby,Terra,0.5 ml
PRD-00060,Flux Pet,Pets,Flux,0.33 l
PRD-00061,Lumen Bread,Breads,Lumen,2 pcs
PRD-00062,Solix Mea,Meat,Solix,4 ml
PRD-00063,Draco Seafoo,Seafood,Draco,0.33 g
PRD-00064,Helios Confectioner,Confectionery,Helios,1.25 ml
PRD-00065,Polar Beverage,Beverages,Polar,0.33 l
PRD-00066,Quanta Grocer,Grocery,Quanta,1.75 ml
PRD-00067,Mira Cleanin,Cleaning,Mira,1.75 pcs
PRD-00068,Argo Beaut,Beauty,Argo,0.75 ml
PRD-00069,Terra Bab,Baby,Terra,0.5 kg
PRD-00070,Flux Pet,Pets,Flux,1.75 kg
PRD-00071,Lumen Bread,Breads,Lumen,0.5 pcs
PRD-00072,Solix Mea,Meat,Solix,4 ml
PRD-00073,Draco Seafoo,Seafood,Draco,4 g
PRD-00074,Helios Confectioner,Confectionery,Helios,0.75 g
PRD-00075,Polar Beverage,Beverages,Polar,2 g
PRD-00076,Quanta Grocer,Grocery,Quanta,0.75 l
PRD-00077,Mira Cleanin,Cleaning,Mira,1.75 l
PRD-00078,Argo Beaut,Beauty,Argo,0.5 kg
PRD-00079,Terra Bab,Baby,Terra,2 ml
PRD-00080,Flux Pet,Pets,Flux,0.33 kg
PRD-00081,Lumen Bread,Breads,Lumen,3 pcs
PRD-00082,Solix Mea,Meat,Solix,1.75 ml
PRD-00083,Draco Seafoo,Seafood,Draco,3 g
PRD-00084,Helios Confectioner,Confectionery,Helios,2 pcs
PRD-00085,Polar Beverage,Beverages,Polar,0.75 l
PRD-00086,Quanta Grocer,Grocery,Quanta,1.75 l
PRD-00087,Mira Cleanin,Cleaning,Mira,4 l
PRD-00088,Argo Beaut,Beauty,Argo,0.75 g
PRD-00089,Terra Bab,Baby,Terra,4 pcs
PRD-00090,Flux Pet,Pets,Flux,4 g
PRD-00091,Lumen Bread,Breads,Lumen,1 l
PRD-00092,Solix Mea,Meat,Solix,1.75 pcs
PRD-00093,Draco Seafoo,Seafood,Draco,1.25 l
PRD-00094,Helios Confectioner,Confectionery,Helios,1 kg
PRD-00095,Polar Beverage,Beverages,Polar,1.75 g
PRD-00096,Quanta Grocer,Grocery,Quanta,2 pcs
PRD-00097,Mira Cleanin,Cleaning,Mira,4 pcs
PRD-00098,Argo Beaut,Beauty,Argo,1 l
PRD-00099,Terra Bab,Baby,Terra,1 pcs
PRD-00100,Flux Pet,Pets,Flux,1 g
PRD-00101,Lumen Bread,Breads,Lumen,1 pcs
PRD-00102,Solix Mea,Meat,Solix,1.75 pcs
PRD-00103,Draco Seafoo,Seafood,Draco,1.75 l
PRD-00104,Helios Confectioner,Confectionery,Helios,4 kg
PRD-00105,Polar Beverage,Beverages,Polar,4 kg
PRD-00106,Quanta Grocer,Grocery,Quanta,3 ml
PRD-00107,Mira Cleanin,Cleaning,Mira,2 pcs
PRD-00108,Argo Beaut,Beauty,Argo,1.25 l
PRD-00109,Terra Bab,Baby,Terra,3 g
PRD-00110,Flux Pet,Pets,Flux,2 kg
PRD-00111,Lumen Bread,Breads,Lumen,4 kg
PRD-00112,Solix Mea,Meat,Solix,0.33 l
PRD-00113,Draco Seafoo,Seafood,Draco,3 g
PRD-00114,Helios Confectioner,Confectionery,Helios,0.5 pcs
PRD-00115,Polar Beverage,Beverages,Polar,1.75 ml
PRD-00116,Quanta Grocer,Grocery,Quanta,1.75 ml
PRD-00117,Mira Cleanin,Cleaning,Mira,1.75 g
PRD-00118,Argo Beaut,Beauty,Argo,1 ml
PRD-00119,Terra Bab,Baby,Terra,1.75 kg
PRD-00120,Flux Pet,Pets,Flux,0.75 ml
PRD-00121,Lumen Bread,Breads,Lumen,0.33 ml
PRD-00122,Solix Mea,Meat,Solix,2 l
PRD-00123,Draco Seafoo,Seafood,Draco,1.25 kg
PRD-00124,Helios Confectioner,Confectionery,Helios,4 ml
PRD-00125,Polar Beverage,Beverages,Polar,1.75 pcs
PRD-00126,Quanta Grocer,Grocery,Quanta,1.25 pcs
PRD-00127,Mira Cleanin,Cleaning,Mira,1.25 l
PRD-00128,Argo Beaut,Beauty,Argo,1.75 pcs
PRD-00129,Terra Bab,Baby,Terra,2 pcs
PRD-00130,Flux Pet,Pets,Flux,2 g
PRD-00131,Lumen Bread,Breads,Lumen,0.5 ml
PRD-00132,Solix Mea,Meat,Solix,1.75 kg
PRD-00133,Draco Seafoo,Seafood,Draco,3 g
PRD-00134,Helios Confectioner,Confectionery,Helios,3 l
PRD-00135,Polar Beverage,Beverages,Polar,1.75 kg
PRD-00136,Quanta Grocer,Grocery,Quanta,3 l
PRD-00137,Mira Cleanin,Cleaning,Mira,1.25 g
PRD-00138,Argo Beaut,Beauty,Argo,0.33 kg
PRD-00139,Terra Bab,Baby,Terra,0.5 pcs
PRD-00140,Flux Pet,Pets,Flux,2 ml
PRD-00141,Lumen Bread,Breads,Lumen,0.75 ml
PRD-00142,Solix Mea,Meat,Solix,4 pcs
PRD-00143,Draco Seafoo,Seafood,Draco,3 l
PRD-00144,Helios Confectioner,Confectionery,Helios,0.75 g
PRD-00145,Polar Beverage,Beverages,Polar,1.75 kg
PRD-00146,Quanta Grocer,Grocery,Quanta,0.33 ml
PRD-00147,Mira Cleanin,Cleaning,Mira,4 l
PRD-00148,Argo Beaut,Beauty,Argo,1.25 l
PRD-00149,Terra Bab,Baby,Terra,0.33 g
PRD-00150,Flux Pet,Pets,Flux,2 kg
